timestamp,x,y,z,d
1613596892961,0.57495797,5.1330895,8.072945,0
1613596893007,-0.9055526,4.748118,5.8809066,0
1613596893056,-0.22658625,5.4797544,6.4947543,0
1613596893106,0.9139624,5.499865,8.177327,0
1613596893154,-0.8279839,6.092644,8.944396,0
1613596893201,0.989616,7.3155494,9.744984,0
1613596893251,0.9905736,6.9593077,11.985858,0
1613596893296,1.5029107,6.308113,8.638909,0
1613596893347,0.018569477,5.3973985,7.073168,0
1613596893395,0.9110895,4.6073456,6.136596,0
1613596893446,0.0875195,5.2154465,5.127245,0
1613596893496,0.049213942,5.430915,7.3393927,0
1613596893542,0.64103514,5.990177,7.0999823,0
1613596893592,0.17179178,6.6394563,10.114633,0
1613596893641,0.30203074,7.0397496,8.184989,0
1613596893689,-0.3711898,6.726601,10.120378,0
1613596893739,-0.5971927,5.9039893,9.333198,0
1613596893785,1.026964,5.8427,7.712871,0
1613596893833,-0.17966191,4.668634,6.4258037,0
1613596893884,0.40641344,5.168522,5.7621603,0
1613596893933,-0.43726695,4.8343053,5.6616073,0
1613596893982,0.28766617,5.39644,5.70087,0
1613596894029,0.40162525,6.2860875,8.96738,0
1613596894077,1.0193027,6.58104,10.052385,0
1613596894127,0.25510642,7.316508,8.207972,0
1613596894173,1.5345128,6.8654594,11.8498745,0
1613596894221,1.9022464,6.2717223,10.491941,0
1613596894269,1.0451591,5.261413,6.4899664,0
1613596894321,1.257755,4.8908067,6.935269,0
1613596894369,1.3899093,5.2240653,4.872513,0
1613596894415,-5.833199E-4,5.304507,6.6316967,0
1613596894465,1.2137035,6.0897713,7.3480105,0
1613596894516,0.9924889,6.4134536,8.234786,0
1613596894563,0.29724255,7.146048,8.915668,0
1613596894612,0.45238012,7.360559,8.26926,0
1613596894661,0.4849399,6.4996405,9.330325,0
1613596894709,1.0882528,6.3569527,7.541454,0
1613596894760,0.89672494,5.2767353,7.4993176,0
1613596894808,0.32118356,4.6628885,5.42124,0
1613596894863,-0.32522312,5.050732,5.4221973,0
1613596894901,-0.20743348,5.2939725,5.351332,0
1613596894952,0.122952156,6.4096227,6.1605377,0
1613596895001,1.284569,6.881739,9.3111725,0
1613596895048,1.0738883,7.6890287,10.264024,0
1613596895096,1.2730771,7.5137815,10.370321,0
1613596895146,1.1686946,6.458462,10.748589,0
1613596895193,1.2816961,5.722038,8.291286,0
1613596895244,0.4964316,5.421339,7.777033,0
1613596895290,0.93694574,5.12064,4.767172,0
1613596895338,0.14976607,5.178098,4.3218703,0
1613596895388,0.3029884,5.6013756,5.9939084,0
1613596895437,2.2900906,6.7333055,7.3432226,0
1613596895485,1.1648638,7.036877,9.241264,0
1613596895532,0.6400775,7.8939643,7.9360023,0
1613596895581,-0.9409854,7.454407,8.604434,0
1613596895631,0.24936059,7.3155503,8.821818,0
1613596895681,2.1435716,6.0007105,8.565171,0
1613596895731,1.4272573,5.12447,8.61018,0
1613596895777,0.2675557,5.074673,5.1368213,0
1613596895827,-0.70444834,4.9520955,5.068829,0
1613596895873,-0.060914613,5.8570642,4.8792167,0
1613596895923,-0.85671306,6.6040235,6.5435934,0
1613596895972,0.6314587,7.088589,8.484729,0
1613596896020,-0.059956983,7.674665,9.311172,0
1613596896069,0.8986401,7.259049,9.637728,0
1613596896117,1.6379378,7.066563,9.641559,0
1613596896167,0.9695054,6.2745957,6.81269,0
1613596896213,0.7616977,5.658833,7.3058743,0
1613596896263,0.61709416,5.8053517,6.4880505,0
1613596896312,-0.3223502,5.5659423,5.455715,0
1613596896363,0.9513104,5.994007,6.7581043,0
1613596896408,0.90534365,6.4077077,7.370994,0
1613596896458,0.56250864,6.934409,8.2635145,0
1613596896509,-0.26872241,7.5587897,8.067199,0
1613596896555,-0.9582228,7.3979073,9.140713,0
1613596896604,-1.255091,6.697872,8.05092,0
1613596896653,1.0030229,6.3377995,9.418427,0
1613596896702,0.43897322,5.356219,7.448563,0
1613596896752,-0.20073,5.112979,3.9723313,0
1613596896799,-1.0252577,5.2891846,4.75185,0
1613596896847,-0.27351058,6.218095,4.9835987,0
1613596896896,-0.5933622,6.879824,6.5072036,0
1613596896948,0.039637536,7.200633,8.58528,0
1613596896997,-0.7810595,8.105603,9.51898,0
1613596897047,0.0061201463,7.744572,10.015037,0
1613596897094,0.8785298,7.1077423,10.726562,0
1613596897141,1.1236856,5.8130136,6.9017506,0
1613596897191,-0.14710218,5.1350045,6.063816,0
1613596897241,0.34799746,5.4462376,4.8140965,0
1613596897288,-0.0896438,5.4816704,5.8186603,0
1613596897334,0.47632116,6.129992,7.066465,0
1613596897387,1.0815494,6.8759933,8.20031,0
1613596897433,0.15838483,7.1862683,9.7047615,0
1613596897484,0.02335766,7.8987527,8.494306,0
1613596897531,-0.50430167,7.4975014,9.05644,0
1613596897581,-0.6833803,6.5858283,7.656371,0
1613596897630,1.5460045,6.7447968,8.765318,0
1613596897679,0.5309066,5.1790557,7.1114736,0
1613596897725,-0.09060144,4.831433,5.0956426,0
1613596897774,-0.46216556,5.020088,5.5026393,0
1613596897824,-0.071448654,5.7833266,5.1559744,0
1613596897874,-0.60006565,6.6279645,6.38271,0
1613596897919,1.082507,7.0972085,8.496221,0
1613596897966,-0.2447814,7.628699,8.795962,0
1613596898016,1.0920835,7.6631727,10.506307,0
1613596898067,1.7078456,7.5195274,11.026304,0
1613596898118,0.91492,5.5161448,5.156932,0
1613596898161,0.4255663,5.5190177,7.2962985,0
1613596898214,1.0595237,5.06797,4.6082044,0
1613596898263,0.10379939,5.2298107,5.3858075,0
1613596898311,0.41790512,6.0715766,6.6757474,0
1613596898361,0.4849399,7.0052743,7.6697774,0
1613596898409,-0.37885094,7.548256,10.535035,0
1613596898455,-0.99461305,7.9179053,8.181158,0
1613596898505,-0.40183425,7.2188277,10.46417,0
1613596898554,-0.7954241,6.3674865,8.7318,0
1613596898602,0.29820016,5.5228486,7.5663524,0
1613596898650,0.082731314,4.7615256,6.549339,0
1613596898701,-0.24286614,4.586277,4.322828,0
1613596898746,-0.9266207,4.720347,5.6175556,0
1613596898798,0.045383383,5.701927,6.279285,0
1613596898845,0.07794312,6.574337,7.7818217,0
1613596898894,1.0528201,6.8089585,10.170175,0
1613596898946,0.37289608,7.310762,10.200819,0
1613596898991,0.6439081,7.1862683,10.015994,0
1613596899041,0.93694574,6.656694,9.490251,0
1613596899087,0.9560985,5.8503613,7.7310667,0
1613596899137,0.6726373,5.167564,7.0961514,0
1613596899185,0.16987652,4.5546756,3.2608056,0
1613596899235,-1.0319612,4.9741216,4.230894,0
1613596899281,-0.19019598,5.9173965,5.7056594,0
1613596899333,0.4466343,6.768738,7.7693725,0
1613596899378,0.32692936,7.3672624,10.603026,0
1613596899431,-0.2974516,8.138163,9.173273,0
1613596899478,-0.21700984,7.794369,11.627702,0
1613596899525,0.11050286,7.192014,9.465351,0
1613596899573,1.0049382,6.2238407,8.490476,0
1613596899620,0.7013664,4.7825933,5.6127677,0
1613596899669,-0.64986295,4.1151185,4.3477263,0
1613596899720,-0.49472535,4.754822,4.5172286,0
1613596899769,-0.88831514,5.474009,4.9539123,0
1613596899816,-0.47078434,6.7093635,7.49836,0
1613596899864,0.8363936,7.4218473,9.833085,0
1613596899914,-0.23616265,7.768513,9.618574,0
1613596899960,0.66018796,7.7598944,9.750729,0
1613596900011,1.3927822,7.284905,9.035372,0
1613596900060,0.44471908,5.6559606,7.777033,0
1613596900109,0.6190094,4.896552,6.9256916,0
1613596900158,0.37098077,4.6638455,4.8275037,0
1613596900205,-0.088686146,5.7737503,6.0235953,0
1613596900254,0.8296901,6.2094765,6.3357854,0
1613596900303,0.6640185,6.974631,7.0616765,0
1613596900350,0.65635735,7.5913496,9.29106,0
1613596900400,-0.6354983,7.7407417,7.8191695,0
1613596900449,-0.8500096,7.604757,9.402148,0
1613596900496,-1.3451092,6.548481,8.426314,0
1613596900546,-0.021651393,6.2161794,8.025063,0
1613596900598,0.52994895,5.042114,7.4140882,0
1613596900646,-0.20360292,4.5230727,5.706617,0
1613596900695,-0.40853778,5.0718007,5.88378,0
1613596900742,-0.9390701,5.9413366,6.03796,0
1613596900792,-0.9754603,7.1211486,7.0339046,0
1613596900840,0.3681079,7.7215886,7.9063144,0
1613596900888,-0.47557256,7.602842,8.275965,0
1613596900939,-0.74754214,8.242545,8.809369,0
1613596900983,-0.18828067,6.952605,10.072495,0
1613596901035,-0.23903558,5.424212,7.0578456,0
1613596901082,0.2886238,5.811098,7.054015,0
1613596901130,-0.06857575,4.4560385,5.7497106,0
1613596901178,1.1974237,5.9777274,5.142567,0
1613596901228,-0.81170404,6.640414,6.860572,0
1613596901275,0.55388993,7.597096,7.3623753,0
1613596901328,0.11146049,8.07017,7.608489,0
1613596901376,-1.4858823,8.283724,9.149331,0
1613596901422,0.23212308,8.733814,7.5615644,0
1613596901470,-0.102093115,7.104869,8.393754,0
1613596901526,0.05400213,6.3550377,6.458364,0
1613596901571,0.47823644,4.9233665,5.9335775,0
1613596901618,-0.49568292,4.46753,6.040833,0
1613596901667,-0.5675059,5.152242,5.3273916,0
1613596901717,0.07123963,6.7553306,5.279509,0
1613596901765,0.027188238,7.6928596,6.5330596,0
1613596901811,0.47249058,7.990686,7.6841426,0
1613596901861,1.0279214,8.752009,9.369589,0
1613596901911,0.989616,7.5827317,9.21062,0
1613596901959,1.0662272,7.734996,7.59987,0
1613596902008,0.42843917,6.2841725,7.8134236,0
1613596902055,0.55484754,5.094784,6.156707,0
1613596902106,0.41120166,5.229811,6.5330596,0
1613596902153,0.72243446,5.7277837,5.0966005,0
1613596902202,1.3353238,6.6691437,5.862712,0
1613596902249,1.5182331,7.3845,6.7178836,0
1613596902301,1.4368336,7.847997,7.508894,0
1613596902347,0.76744354,8.677314,6.796411,0
1613596902397,1.6570907,9.143684,8.359279,0
1613596902446,1.5881406,7.937058,9.138797,0
1613596902492,0.44184613,6.7189407,6.976447,0
1613596902543,0.3250141,4.7806783,5.64437,0
1613596902589,0.11337576,4.276002,4.120765,0
1613596902638,0.6170941,4.9664598,3.4073243,0
1613596902688,0.25510642,5.940379,3.4034936,0
1613596902741,0.7626554,7.432381,6.2907767,0
1613596902785,1.7662618,8.491531,8.450254,0
1613596902834,2.1761312,9.236574,9.70572,0
1613596902882,2.593662,9.79488,10.060046,0
1613596902933,3.926696,9.500884,9.279571,0
1613596902976,2.766995,7.878642,8.018359,0
1613596903030,2.6405864,5.65213,8.078691,0
1613596903079,1.4808851,4.6648035,3.6668446,0
1613596903128,-0.22850153,4.635117,2.8796647,0
1613596903175,-0.705406,4.8860183,3.9158306,0
1613596903220,1.8926702,6.796509,4.838996,0
1613596903269,1.3104252,7.650723,6.495712,0
1613596903318,1.1313466,9.070903,9.616659,0
1613596903372,0.2886238,9.62825,9.821593,0
1613596903420,0.9350305,8.636135,11.799119,0
1613596903466,1.8141437,7.728292,8.621673,0
1613596903514,2.171343,5.7775803,6.7092657,0
1613596903566,0.574958,4.385173,3.851669,0
1613596903613,-0.564633,4.5403104,3.5193677,0
1613596903661,-0.87012,5.4644322,4.6570435,0
1613596903711,0.22446194,7.2274475,4.844741,0
1613596903758,0.27138627,7.7148857,6.061901,0
1613596903808,0.22637723,7.9217362,8.286498,0
1613596903855,0.3470398,8.815213,9.963325,0
1613596903904,1.913738,10.322537,8.40333,0
1613596903959,2.6961296,8.55761,10.438314,0
1613596904003,1.7423208,6.0936017,6.3472776,0
1613596904051,0.30681893,4.337291,5.046803,0
1613596904100,0.15838483,5.1091485,2.7350614,0
1613596904147,0.13348621,6.2200103,3.893805,0
1613596904192,0.3250141,6.80417,5.9421954,0
1613596904242,1.387994,8.235842,6.196928,0
1613596904293,0.52516073,8.741475,9.683694,0
1613596904339,0.49834687,9.788176,7.9618583,0
1613596904390,-0.71785533,8.546117,8.88215,0
1613596904438,-0.68242264,7.7665977,7.2455435,0
1613596904487,1.5124872,6.422072,6.8711066,0
1613596904535,0.7990456,4.7634406,4.7824945,0
1613596904588,-0.0063291662,5.2240653,4.342938,0
1613596904635,-0.7341352,5.414635,4.337192,0
1613596904681,-0.049422942,7.240854,5.16555,0
1613596904732,0.32884467,7.970575,7.2608657,0
1613596904782,1.0125992,8.458972,8.130403,0
1613596904825,0.46866,8.776908,7.8632207,0
1613596904879,1.6762435,8.661991,9.278613,0
1613596904927,1.7298713,7.928439,9.311172,0
1613596904973,1.9127805,6.51209,7.2043653,0
1613596905022,0.7032817,4.804619,6.2170386,0
1613596905071,0.28479326,5.2393875,3.966586,0
1613596905120,-0.43535167,5.7536397,5.0008364,0
1613596905170,0.8402241,6.8980193,6.0475364,0
1613596905218,1.4492829,7.5540023,6.3817525,0
1613596905265,0.75595194,7.689987,8.102631,0
1613596905316,-0.21988279,8.866926,6.8251395,0
1613596905364,-0.26106128,8.424497,9.246053,0
1613596905413,-0.110711865,7.590393,8.2118025,0
1613596905461,0.9723784,6.5934896,6.882598,0
1613596905511,1.4176807,5.197251,6.9343104,0
1613596905559,0.63241637,5.316956,4.658959,0
1613596905610,-0.6900838,5.347601,4.9357166,0
1613596905657,-0.4947253,5.978685,4.5785174,0
1613596905704,0.099011175,7.4256783,5.9086785,0
1613596905754,0.45046484,7.7292495,8.30182,0
1613596905803,1.3171287,8.806595,9.885756,0
1613596905849,2.4595926,8.958859,10.600155,0
1613596905900,2.5764246,7.843209,10.152938,0
1613596905951,1.9606624,6.6337104,6.5914755,0
1613596905995,0.8708686,4.920493,6.098291,0
1613596906045,0.53377956,4.9664598,4.128427,0
1613596906091,-0.24286613,5.48167,4.7298245,0
1613596906143,-0.31756198,6.0074143,6.2428946,0
1613596906192,1.1447536,7.484094,6.1749024,0
1613596906241,0.89959776,7.7072244,8.658062,0
1613596906288,0.63433164,8.873631,7.678396,0
1613596906338,0.3958794,8.964606,10.115589,0
1613596906385,0.099011175,7.508035,9.127305,0
1613596906433,0.48493984,6.632753,7.2589507,0
1613596906479,0.3853454,4.6600156,5.7525835,0
1613596906531,0.40545583,4.98274,4.3419805,0
1613596906580,-0.58665866,4.992316,5.5237074,0
1613596906630,-0.06953336,5.9432526,4.8093085,0
1613596906679,0.29915786,7.6277404,6.4353805,0
1613596906725,0.7415873,7.4611115,8.720309,0
1613596906773,1.2836113,8.089323,8.801707,0
1613596906823,1.3085101,8.204239,8.486645,0
1613596906870,2.5457802,7.67658,8.589112,0
1613596906923,1.329578,6.291833,7.760753,0
1613596906970,0.8756567,5.6473413,7.53475,0
1613596907018,1.1543299,5.6636214,5.8493047,0
1613596907064,0.6477386,6.1577635,4.3391075,0
1613596907117,0.1890293,5.7517247,5.511258,0
1613596907166,1.2472211,6.704576,5.8962293,0
1613596907214,1.3314933,7.6411467,7.7827787,0
1613596907260,0.43801555,8.729984,8.376516,0
1613596907311,0.64295036,8.910976,9.609956,0
1613596907357,0.044425733,7.717758,10.111758,0
1613596907403,0.9599291,7.0972075,7.8574743,0
1613596907458,1.2826537,5.3332357,5.870373,0
1613596907503,0.6084754,4.7576947,4.1552405,0
1613596907554,-0.70253307,4.7825933,5.103304,0
1613596907602,-0.19689944,5.634892,4.59767,0
1613596907651,0.34033632,7.086674,5.768863,0
1613596907697,1.2500939,7.572197,8.721267,0
1613596907749,1.5182331,8.326817,7.9695196,0
1613596907798,1.8610679,8.497276,8.892683,0
1613596907846,3.1050415,7.846082,11.15367,0
1613596907892,2.2144368,7.060818,6.6537223,0
1613596907941,1.5393012,5.459645,7.716703,0
1613596907991,1.5488775,5.388779,5.2737637,0
1613596908042,0.30394602,5.509442,4.741316,0
1613596908086,-0.41332594,5.656918,5.645328,0
1613596908138,1.0863376,7.0521994,6.4679403,0
1613596908188,0.74446017,7.3299146,8.632205,0
1613596908236,0.39013356,8.681144,7.272357,0
1613596908281,-0.3424606,8.477167,7.558691,0
1613596908332,0.27234393,7.5846467,9.634854,0
1613596908382,0.9819548,7.4429154,7.227348,0
1613596908427,1.0576084,5.9461255,6.874937,0
1613596908477,1.3784176,5.27482,6.119359,0
1613596908527,0.4293968,5.0832915,4.8782587,0
1613596908574,-0.3616134,5.121598,5.621387,0
1613596908624,0.37002316,6.6011505,5.7573714,0
1613596908671,0.62571293,7.3174653,7.94845,0
1613596908718,0.92928463,7.570282,8.031766,0
1613596908770,0.5778309,8.072085,8.037512,0
1613596908817,2.0181208,7.758937,9.394486,0
1613596908866,2.4950254,7.7340384,7.3815284,0
1613596908917,1.964493,6.446971,7.692761,0
1613596908962,1.5191905,5.53051,6.9774046,0
1613596909012,0.99057347,5.3073797,4.6570435,0
1613596909062,-0.74371165,5.2441754,4.777706,0
1613596909110,0.12678273,6.469954,6.4200583,0
1613596909158,0.82298666,7.11253,8.499095,0
1613596909208,1.3870363,8.24446,9.307342,0
1613596909257,0.109545216,9.494179,7.25512,0
1613596909303,0.27138627,8.449396,10.138572,0
1613596909355,0.20913972,7.5654936,8.138064,0
1613596909403,0.96663266,6.189366,6.7782154,0
1613596909450,0.7569095,4.3593163,4.771003,0
1613596909499,-0.59240454,4.054787,3.4753168,0
1613596909548,-1.0118506,4.394749,4.0096793,0
1613596909596,0.44663432,6.4804883,4.000103,0
1613596909646,1.2146612,8.205197,7.63626,0
1613596909695,1.6906081,8.477167,9.940341,0
1613596909742,1.3056371,8.981844,9.646346,0
1613596909791,1.6207006,8.447479,9.5975065,0
1613596909842,2.291048,7.8681083,7.610404,0
1613596909887,1.5584538,6.212349,7.4926143,0
1613596909937,1.3161709,4.9310274,6.0973334,0
1613596909986,1.247221,4.994232,4.8773007,0
1613596910034,0.5615511,5.4079323,4.6149077,0
1613596910084,0.705197,6.6940413,5.117668,0
1613596910131,0.883318,6.8376884,6.8950477,0
1613596910181,1.2232801,7.750318,7.5136824,0
1613596910230,0.52324545,8.995251,7.728194,0
1613596910278,0.13157092,8.887036,9.801483,0
1613596910322,-0.56367534,7.7407417,9.104322,0
1613596910370,0.42652386,7.1709466,8.699241,0
1613596910419,2.1617668,5.760343,7.660201,0
1613596910468,1.1208125,4.717474,3.96084,0
1613596910517,-0.67284626,4.675338,3.7635663,0
1613596910565,0.008035417,5.861853,3.7405827,0
1613596910614,0.51462674,7.322253,5.518919,0
1613596910662,1.2386023,7.6890287,7.9283404,0
1613596910710,1.3755448,8.283724,8.987491,0
1613596910760,1.2654161,8.727111,9.891501,0
1613596910811,3.0657785,8.842984,9.833086,0
1613596910858,2.7430542,7.3596015,7.212026,0
1613596910908,1.2529669,5.5822225,7.198619,0
1613596910957,1.1552875,4.9434767,5.0065823,0
1613596911006,0.44759196,5.171395,3.637158,0
1613596911055,-0.2323321,6.0284824,5.452842,0
1613596911104,0.97908187,7.3461943,6.0686045,0
1613596911152,1.0671847,7.894922,8.139022,0
1613596911202,0.8919367,8.753925,7.404511,0
1613596911252,0.19956332,8.94258,7.635303,0
1613596911297,-0.73126227,7.8489547,8.7327585,0
1613596911350,0.40258288,7.754149,7.165102,0
1613596911398,1.751897,6.314817,7.674566,0
1613596911445,1.1591182,5.1857595,5.058295,0
1613596911494,0.050171573,5.154157,5.105219,0
1613596911540,0.05400213,5.5716887,4.805478,0
1613596911591,0.26851335,6.962181,5.325476,0
1613596911644,0.89097905,7.504205,7.122966,0
1613596911688,1.1591182,8.03378,7.5960393,0
1613596911735,0.6553997,8.541328,8.536442,0
1613596911781,3.2936966,8.492489,10.080157,0
1613596911832,2.793809,7.302143,6.12702,0
1613596911881,1.1418808,5.861853,7.8871617,0
1613596911931,1.6637943,5.1915054,5.9249587,0
1613596911977,0.47249058,5.474967,4.063308,0
1613596912025,-0.45641977,5.7076726,5.424113,0
1613596912073,1.0202605,7.0196395,5.5237074,0
1613596912124,1.5067413,7.628698,8.759572,0
1613596912176,1.6618788,8.51643,7.586463,0
1613596912224,0.3834301,8.748179,8.486645,0
1613596912270,0.24648768,7.734038,9.292977,0
1613596912317,0.7990457,7.5396376,7.3317313,0
1613596912366,1.5287669,5.6157393,7.4638853,0
1613596912412,0.5816615,4.740457,4.1332145,0
1613596912462,-0.57803994,5.0287066,5.397299,0
1613596912511,0.086561866,6.0974317,5.0602098,0
1613596912559,0.043468095,7.0895467,6.364515,0
1613596912609,1.0212181,7.620079,8.72797,0
1613596912661,1.7854146,8.397683,8.280753,0
1613596912708,1.5460045,8.096026,9.875221,0
1613596912757,3.306146,7.756064,10.65857,0
1613596912803,2.434694,6.4651656,6.3539805,0
1613596912854,1.1418805,5.077546,7.188085,0
1613596912904,1.3410697,5.361965,4.988387,0
1613596912953,0.5548476,5.4596443,4.9740224,0
1613596913000,0.5088809,5.859937,5.5438175,0
1613596913047,1.1974237,7.0972075,6.336744,0
1613596913095,1.1734828,7.6239095,9.2297735,0
1613596913144,1.2137036,8.277978,7.591251,0
1613596913191,-0.006329162,8.128587,8.854378,0
1613596913239,0.34416687,7.886303,7.957069,0
1613596913289,1.9635352,7.840336,7.8823733,0
1613596913337,2.1129272,5.8503613,7.1689315,0
1613596913386,0.8766144,4.7538643,4.4932876,0
1613596913441,-0.530158,4.3746386,4.481796,0
1613596913487,-0.18253484,5.045944,3.5452242,0
1613596913535,-0.118372984,6.668185,5.039142,0
1613596913584,1.0901681,8.093154,9.483547,0
1613596913630,1.9989679,9.016318,10.0945215,0
1613596913684,2.5783398,9.197311,10.171132,0
1613596913731,2.8618011,8.2511635,8.975041,0
1613596913779,1.921399,7.124022,7.304917,0
1613596913828,1.6312344,5.601375,7.020498,0
1613596913874,0.76935875,5.3897367,3.877525,0
1613596913924,-0.729347,5.2911,5.416452,0
1613596913975,0.18807164,5.8934555,4.774833,0
1613596914023,0.8105374,6.145314,6.7178836,0
1613596914074,0.98674303,7.2791595,6.931438,0
1613596914119,0.8804451,8.392895,8.795005,0
1613596914169,0.3709808,8.879375,8.7567,0
1613596914214,0.43514264,8.347885,9.006644,0
1613596914265,0.5893226,8.016542,7.7483044,0
1613596914312,1.4655627,6.399089,7.0224133,0
1613596914363,0.74350256,5.162776,4.9816837,0
1613596914411,0.044425726,4.744288,5.2163053,0
1613596914463,-0.20073,4.889849,3.6342847,0
1613596914510,-0.5397343,6.349292,5.031481,0
1613596914559,0.64199275,7.3979063,7.4514365,0
1613596914604,2.2297592,8.367996,8.65902,0
1613596914654,1.1342195,8.845859,9.318833,0
1613596914701,1.6609212,8.575804,8.920455,0
1613596914749,0.64582336,8.307665,7.0530577,0
1613596914799,2.033443,6.972715,8.378431,0
1613596914851,1.9367216,5.572646,7.032947,0
1613596914898,0.269471,5.6157393,4.945293,0
1613596914949,-0.31564674,5.554451,4.130342,0
1613596914997,0.28575087,6.760119,4.99509,0
1613596915045,0.5136691,7.189141,5.4260283,0
1613596915092,0.88427556,8.16402,6.9142003,0
1613596915142,0.12774035,9.15805,6.9572935,0
1613596915190,-0.0628299,9.045048,9.491209,0
1613596915240,-0.14518693,8.526964,7.296298,0
1613596915287,2.133995,7.827887,6.8730216,0
1613596915336,2.5850434,5.740233,7.7597966,0
1613596915383,1.29223,5.1292586,4.308463,0
1613596915434,-0.31851965,4.922409,4.4798803,0
1613596915479,0.106672294,6.4373946,4.7355704,0
1613596915533,1.0805918,7.537722,6.0494514,0
1613596915581,1.6369803,7.9581256,7.27523,0
1613596915626,1.0413285,8.539413,7.580717,0
1613596915677,1.2548821,8.370869,8.67913,0
1613596915727,1.1734828,7.990685,8.219462,0
1613596915771,1.8151014,7.020597,5.8291945,0
1613596915824,1.9884338,5.324617,7.2216024,0
1613596915872,2.789978,5.7038426,6.3989897,0
1613596915921,1.3065946,5.450068,5.2555685,0
1613596915968,0.6525268,6.5973206,5.3417563,0
1613596916018,1.0489895,7.674665,5.949857,0
1613596916069,0.82873243,8.413006,7.6736083,0
1613596916112,0.11624869,8.867884,7.4274945,0
1613596916164,-0.15955149,8.40726,8.88598,0
1613596916212,-0.71689767,7.5310187,8.332465,0
1613596916262,0.60272956,7.4697294,8.68296,0
1613596916311,1.9577897,5.8714294,7.4073844,0
1613596916356,1.597717,5.048817,4.7978168,0
1613596916407,0.49738914,4.942519,4.615865,0
1613596916453,0.33363283,5.6626644,4.37071,0
1613596916505,0.18232581,6.7840605,6.2285304,0
1613596916554,1.1246431,7.6344438,7.4102573,0
1613596916603,0.91683525,8.258825,9.338944,0
1613596916650,1.0317521,8.923427,7.933128,0
1613596916700,3.0705667,8.542287,9.853196,0
1613596916748,2.341803,6.998571,7.5529456,0
1613596916796,0.81724083,5.8235474,5.9862475,0
1613596916845,1.494292,5.555409,5.7401342,0
1613596916893,1.5507928,5.506569,4.0652227,0
1613596916944,0.6247552,5.812056,5.1109653,0
1613596916990,0.9819548,7.3155503,5.8311095,0
1613596917041,1.08538,8.26553,8.677215,0
1613596917089,0.1583848,9.045047,7.7808642,0
1613596917133,-0.11741534,8.99525,8.614011,0
1613596917186,-0.48131838,8.089323,6.7877917,0
1613596917234,0.95226794,7.4869676,7.5404963,0
1613596917282,1.7356172,5.589884,6.393244,0
1613596917331,0.38055718,4.9674177,4.573729,0
1613596917381,-0.5282427,4.944434,5.169381,0
1613596917429,-0.14135635,6.3291817,4.698222,0
1613596917477,-0.09060144,7.559748,6.759063,0
1613596917527,1.0729306,8.170722,7.480165,0
1613596917573,1.175398,8.664865,8.980787,0
1613596917623,1.1418806,8.653373,8.117953,0
1613596917670,1.6149545,8.180299,7.8632207,0
1613596917720,1.1466689,6.6969147,6.5838146,0
1613596917769,1.0920835,5.458687,6.9955993,0
1613596917818,1.494292,5.559239,6.57328,0
1613596917868,0.72051924,5.3849483,4.726951,0
1613596917915,0.26755574,6.4824033,5.081278,0
1613596917965,0.71477336,7.5846467,7.156482,0
1613596918013,1.5182331,8.248291,7.85556,0
1613596918062,0.23882654,8.756798,7.2436285,0
1613596918109,-0.40279192,8.236799,7.6094465,0
1613596918158,-0.64411706,7.424721,7.579759,0
1613596918206,0.8000033,7.224574,8.032723,0
1613596918255,2.2240133,6.0093293,7.9915442,0
1613596918302,1.1418808,5.2920575,5.047761,0
1613596918355,-0.33288425,5.090953,4.313251,0
1613596918402,-0.15476331,6.2190523,4.943378,0
1613596918450,0.13923204,7.458238,5.9115515,0
1613596918498,0.77702004,7.784793,7.911103,0
1613596918548,0.9599291,8.160189,8.953973,0
1613596918597,0.7837234,8.661991,7.612319,0
1613596918648,2.5591872,8.67444,9.127305,0
1613596918692,2.358083,7.026343,7.49836,0
1613596918743,1.2711619,5.585095,7.3259845,0
1613596918791,1.4320455,5.257582,4.399439,0
1613596918840,0.8249019,5.595629,3.734837,0
1613596918889,0.21105501,6.0284824,4.5402117,0
1613596918938,0.9513103,7.401737,6.220869,0
1613596918982,0.856504,8.095069,8.478984,0
1613596919035,0.1842411,9.121658,7.838323,0
1613596919081,3.7430692E-4,9.120701,8.123699,0
1613596919129,-0.8279839,8.10656,7.8095937,0
1613596919181,0.8641651,7.6296554,8.284583,0
1613596919228,2.4212868,5.9164386,6.7236295,0
1613596919277,0.94843745,5.032537,4.6168227,0
1613596919325,-0.08868616,5.0526476,4.7949443,0
1613596919374,-0.039846543,6.17117,4.387947,0
1613596919424,-0.14614454,7.3078885,5.5217924,0
1613596919469,1.1696521,8.137205,7.4169607,0
1613596919517,0.8411817,8.707958,8.279794,0
1613596919569,1.0872952,8.596872,9.135924,0
1613596919618,2.6721883,7.977279,10.463213,0
1613596919669,1.9846036,6.9018493,6.6221204,0
1613596919716,1.0576084,5.3878217,6.6316967,0
1613596919764,1.3573495,5.293973,4.377413,0
1613596919812,0.90630126,5.326533,4.514356,0
1613596919863,1.2089155,6.4393096,4.9280562,0
1613596919911,1.7298713,7.5779433,7.2761874,0
1613596919959,1.2883995,8.144866,8.9453535,0
1613596920016,0.8689533,9.191566,7.1057277,0
1613596920052,-0.0532535,9.122617,7.3796134,0
1613596920104,-0.19498417,7.9121594,7.0942364,0
1613596920152,1.4081045,7.6535964,8.908006,0
1613596920202,2.5342884,6.13478,8.332465,0
1613596920249,0.8095797,4.82856,4.0412817,0
1613596920299,-0.554099,4.43497,3.511707,0
1613596920348,-0.14422926,5.9738965,3.097049,0
1613596920397,-0.5454802,7.5348496,4.102571,0
1613596920445,0.482067,8.598787,8.094971,0
1613596920494,1.4780121,9.520993,9.5735655,0
1613596920541,2.1196306,10.364675,7.8431106,0
1613596920591,3.6346161,9.340958,10.302329,0
1613596920639,2.2067757,7.39695,7.660201,0
1613596920686,0.6496539,5.695224,5.7382193,0
1613596920736,0.8258596,5.207785,4.56128,0
1613596920785,0.59123784,5.700012,2.4525576,0
1613596920833,0.3930065,5.9059043,4.2385554,0
1613596920884,1.3391544,7.1709466,4.2031226,0
1613596920931,1.480885,8.308622,6.873979,0
1613596920980,1.0489895,9.454917,7.4715457,0
1613596921030,0.50696564,10.233478,7.358545,0
1613596921078,0.24840295,8.88991,8.664766,0
1613596921126,0.4993044,8.5633545,6.575196,0
1613596921173,1.8141437,6.7620344,6.514864,0
1613596921224,1.15433,5.581265,4.308463,0
1613596921272,0.0032472406,5.218319,4.980726,0
1613596921321,-0.06282989,5.935591,3.5155377,0
1613596921369,-0.16529731,7.487924,5.0793624,0
1613596921421,0.4609989,8.302876,6.482305,0
1613596921465,0.7693588,8.945453,7.8325763,0
1613596921514,0.30777657,9.303609,8.52112,0
1613596921564,2.2355049,9.674216,7.189043,0
1613596921613,2.5812128,8.3498,8.513459,0
1613596921663,1.6896504,6.918129,5.7602444,0
1613596921707,1.6216581,5.827378,5.2498226,0
1613596921759,1.0049382,5.709588,3.7750578,0
1613596921807,0.28287795,6.041889,3.8162363,0
1613596921856,0.6372046,7.2992697,4.7757907,0
1613596921903,0.84788525,8.509727,6.4574056,0
1613596921954,0.6649761,9.0843115,7.7032948,0
1613596922002,-0.15380566,10.274657,6.4832625,0
1613596922050,0.2962849,9.13315,8.906091,0
1613596922098,0.29436964,8.774993,6.1557493,0
1613596922146,1.4914191,6.7572465,5.7219386,0
1613596922192,0.98674303,5.0708427,5.068828,0
1613596922244,0.37385368,5.3341937,4.838995,0
1613596922293,-0.24573907,5.7794957,3.7865496,0
1613596922343,-0.06474517,7.360559,4.8332496,0
1613596922388,0.8057492,8.218605,6.7130957,0
1613596922438,2.349464,8.974182,7.422706,0
1613596922486,1.4990802,9.314144,7.782779,0
1613596922535,2.5591872,9.275838,7.1804233,0
1613596922582,2.073664,7.942804,8.441635,0
1613596922634,1.7969062,6.740967,5.828237,0
1613596922680,0.6870019,5.664579,5.6989555,0
1613596922731,0.82394433,5.8570647,5.2957892,0
1613596922780,0.70423937,6.5369887,4.1351304,0
1613596922831,0.22446194,7.1795654,6.552213,0
1613596922876,1.0738882,8.311495,6.480389,0
1613596922927,1.3286204,8.800849,8.252023,0
1613596922973,-0.29840922,9.294991,6.443042,0
1613596923021,-0.09826254,8.993336,8.09114,0
1613596923072,-0.3731051,8.162104,6.740867,0
1613596923121,1.5450469,7.2600064,7.3882313,0
1613596923168,1.7873296,5.5515776,5.4279437,0
1613596923218,0.83830893,5.350474,4.5957546,0
1613596923267,0.293412,5.166607,4.2232327,0
1613596923315,0.31831062,6.434521,4.2031226,0
1613596923363,0.46291417,7.4371696,6.4420843,0
1613596923412,1.5622842,8.670609,6.976447,0
1613596923463,0.893852,9.231787,8.567087,0
1613596923510,1.3726718,9.459705,7.3757825,0
1613596923557,2.020036,7.9820676,9.384911,0
1613596923607,1.5507928,6.6796775,6.638399,0
1613596923653,1.501953,5.8570647,6.211293,0
1613596923704,1.395655,5.8427,5.584039,0
1613596923753,0.68795943,6.0122023,4.2222753,0
1613596923803,0.49164337,6.7352204,5.8579235,0
1613596923850,1.4272573,7.704352,6.4037776,0
1613596923900,1.5814372,8.403429,8.532612,0
1613596923948,0.40162525,8.699339,7.4926143,0
1613596923996,-0.12794939,8.860222,7.630514,0
1613596924045,-1.5012044,7.89971,6.592433,0
1613596924094,0.7913845,7.6976485,7.520386,0
1613596924143,2.3791509,6.1951118,7.122966,0
1613596924191,1.0145147,5.506569,4.0939517,0
1613596924236,-0.15667857,5.394525,4.789198,0
1613596924285,0.11241814,6.5350738,4.1945043,0
1613596924337,0.14210495,7.511866,5.6635227,0
1613596924387,1.0662272,8.196579,7.0463543,0
1613596924433,1.2663739,8.340224,8.559424,0
1613596924482,0.48206696,9.120701,7.110516,0
1613596924531,1.4349183,8.821917,6.3415318,0
1613596924582,0.31831062,7.3777966,8.283626,0
1613596924630,0.7722317,6.6997876,7.4677157,0
1613596924679,0.6506115,5.8130136,6.5895605,0
1613596924726,0.3202259,5.928888,3.369976,0
1613596924773,0.63241637,6.177874,4.436786,0
1613596924825,1.5124872,7.241812,5.019989,0
1613596924871,1.528767,7.990684,7.2311788,0
1613596924921,1.0691001,8.571973,6.9189887,0
1613596924968,0.33937868,9.449171,7.3020444,0
1613596925018,-0.37693563,8.393852,8.188819,0
1613596925066,-0.25052723,7.841294,7.0339055,0
1613596925116,0.4868552,6.5772095,6.86536,0
1613596925163,0.47344822,5.8896246,5.471037,0
1613596925211,0.19669041,5.6799016,5.4423084,0
1613596925262,-0.030270152,6.18362,4.841868,0
1613596925311,-0.23137447,6.989952,5.19428,0
1613596925359,0.97525126,7.770428,7.5883784,0
1613596925407,1.8227623,8.336394,8.179243,0
1613596925455,0.12103691,8.917681,7.7138286,0
1613596925504,1.8965005,8.38715,9.182849,0
1613596925552,1.1208125,7.470688,8.035597,0
1613596925599,0.55101705,6.6748886,6.5809417,0
1613596925650,1.3209592,5.938464,6.8193936,0
1613596925697,1.1600758,6.0610423,3.9455175,0
1613596925748,0.021442384,6.0313554,4.9835987,0
1613596925797,0.8067067,6.962181,4.9587,0
1613596925845,1.0183451,7.6085877,7.043482,0
1613596925894,1.1859319,8.087407,7.2235174,0
1613596925943,0.5366524,8.861181,7.0319896,0
1613596925991,-0.22945918,8.711789,7.870882,0
1613596926040,0.16700359,8.144866,6.956336,0
1613596926088,0.72722274,7.1853104,7.5510306,0
1613596926138,0.798088,5.7804537,6.497627,0
1613596926184,-0.15093276,5.4864583,4.361133,0
1613596926234,-0.40662247,5.840785,5.9996543,0
1613596926283,0.4408885,7.011978,4.4568973,0
1613596926330,0.2886238,7.5396376,6.7111807,0
1613596926381,1.6350648,8.024203,7.8297033,0
1613596926429,0.88906366,8.266486,7.9446197,0
1613596926478,0.88523316,8.67061,7.591251,0
1613596926525,2.4442704,7.5396376,10.481408,0
1613596926576,1.6848623,6.8376875,6.252471,0
1613596926623,0.38630304,5.72108,6.258217,0
1613596926672,1.236687,6.088814,5.4576306,0
1613596926719,0.29341197,6.010287,5.078405,0
1613596926766,-0.01015973,5.9681506,5.525623,0
1613596926819,0.38247246,6.5580573,5.079363,0
1613596926870,0.5845344,7.704352,8.586239,0
1613596926912,0.7511637,9.23466,7.3537564,0
1613596926960,0.33075994,9.216465,8.625503,0
1613596927013,0.011865986,8.22435,8.342999,0
1613596927062,0.044425733,7.300227,8.0030365,0
1613596927111,1.2108307,6.201815,6.839504,0
1613596927157,0.94460684,5.6990542,4.8332496,0
1613596927206,0.19860567,5.3504734,4.998921,0
1613596927255,0.46482947,5.9068623,3.7760153,0
1613596927305,-0.14039871,5.96049,5.3264337,0
1613596927354,0.9647172,6.9708,6.60584,0
1613596927402,1.5402586,8.197536,7.5701823,0
1613596927449,1.717422,9.435764,9.193382,0
1613596927500,4.0368247,9.7422085,9.50653,0
1613596927547,2.997786,8.099857,8.794047,0
1613596927597,1.6455991,6.596362,6.6182895,0
1613596927645,2.0832405,5.9135656,5.974756,0
1613596927693,0.7186039,5.5917983,3.4935117,0
1613596927745,-0.49472535,5.4424067,4.429126,0
1613596927788,0.636247,6.563803,4.294099,0
1613596927839,1.1428382,7.621037,6.702561,0
1613596927891,1.2433904,8.455141,7.670735,0
1613596927937,0.57591563,9.2155075,6.770554,0
1613596927986,0.12678272,8.778824,8.754785,0
1613596928034,0.16796121,8.626559,6.4832625,0
1613596928083,1.082507,7.3069305,7.4734616,0
1613596928131,1.3592649,5.8350387,5.6721416,0
1613596928181,0.8928943,5.580307,5.4078336,0
1613596928229,0.1334862,5.604248,4.839953,0
1613596928279,-0.026439592,6.582956,4.440617,0
1613596928326,0.15168135,7.704352,6.4832616,0
1613596928373,1.2041272,8.164977,7.7032948,0
1613596928424,0.5807038,8.466633,8.471322,0
1613596928472,0.51941496,8.82862,7.27523,0
1613596928521,1.8390422,8.0663395,8.530696,0
1613596928568,1.0614389,7.416102,6.6010528,0
1613596928619,1.1610334,6.2343745,6.966871,0
1613596928662,1.727956,5.9576173,5.5294538,0
1613596928710,0.9302423,6.120415,4.3228273,0
1613596928763,0.49451625,6.507302,5.2000256,0
1613596928808,1.2663738,7.3701353,6.579984,0
1613596928859,1.0691001,7.9954743,7.3336463,0
1613596928906,0.32118356,8.836282,6.959209,0
1613596928958,0.41694748,9.075691,7.676481,0
1613596929005,0.40545583,8.130502,8.275006,0
1613596929053,-0.4937677,7.6296554,6.5570006,0
1613596929103,0.36523497,6.041889,6.2907767,0
1613596929151,0.7664859,5.714377,5.233543,0
1613596929200,-0.317562,5.559239,5.468164,0
1613596929248,-0.22562863,6.3291817,4.7441893,0
1613596929296,0.2445724,7.6133757,5.2967467,0
1613596929346,0.5040927,8.120926,7.63243,0
1613596929394,1.5000378,8.615067,7.604658,0
1613596929443,0.5040927,8.610279,8.444509,0
1613596929491,1.7222102,8.675399,7.3441806,0
1613596929540,1.3889517,7.710097,7.016668,0
1613596929589,1.0662272,6.7246857,5.748753,0
1613596929637,0.9455645,5.6454263,6.2132077,0
1613596929686,0.6314588,5.89154,5.16172,0
1613596929735,0.26276752,6.1501026,4.6733236,0
1613596929784,0.54718643,7.1211486,5.7477946,0
1613596929832,0.86991096,7.8355474,7.3221545,0
1613596929879,0.78180814,8.448438,7.366206,0
1613596929927,-0.5608024,9.275838,5.67693,0
1613596929979,0.2982002,8.443649,9.277655,0
1613596930027,0.25797933,7.69669,6.9055815,0
1613596930076,0.04921393,7.004317,7.392062,0
1613596930123,1.0595237,5.9355917,7.1267962,0
1613596930174,0.33937868,5.818759,4.9424205,0
1613596930225,-0.9275784,5.621485,5.346544,0
1613596930272,0.047298666,6.8194923,4.545,0
1613596930320,0.20243624,7.720631,6.6958585,0
1613596930370,1.1160244,8.157315,7.7875667,0
1613596930417,0.46482953,8.52026,7.909187,0
1613596930465,0.40162528,8.598787,7.639133,0
1613596930513,1.6752858,7.748402,9.282443,0
1613596930565,1.199339,7.2169127,6.9898534,0
1613596930611,1.2242377,6.1635094,6.6824512,0
1613596930662,1.2318988,5.6262736,5.472953,0
1613596930709,0.40737113,5.778538,4.189716,0
1613596930756,-0.043677106,6.414411,5.155974,0
1613596930804,0.5941108,7.475476,6.470813,0
1613596930855,0.74446017,8.212859,7.974307,0
1613596930904,0.21201266,8.586338,7.060718,0
1613596930953,-0.23616263,9.171455,6.4191,0
1613596931001,-0.22562863,7.836506,8.197437,0
1613596931049,-0.8394756,7.545384,6.468898,0
1613596931099,0.46866006,6.2899175,6.6565948,0
1613596931148,0.77223176,5.725868,5.532326,0
1613596931197,0.14402023,5.7967334,5.519877,0
1613596931243,-0.22562863,6.381851,5.289086,0
1613596931293,0.24074182,7.4151444,5.6951246,0
1613596931341,0.962802,8.109433,7.0224133,0
1613596931391,1.4531134,8.172638,7.773203,0
1613596931437,0.4638718,8.359377,7.5290046,0
1613596931488,1.1562451,8.201367,7.7665,0
1613596931535,1.9395944,7.3845,8.678172,0
1613596931586,1.865856,6.625092,5.589784,0
1613596931634,1.6829469,5.873345,8.116038,0
1613596931684,1.2749925,6.0380588,4.8974113,0
1613596931729,-0.06953338,6.0179486,5.333137,0
1613596931779,0.33459046,6.6471176,5.3455863,0
1613596931831,0.609433,7.2580914,6.4258037,0
1613596931878,1.2146614,8.170723,8.369812,0
1613596931926,0.69849354,9.293076,6.3281245,0
1613596931974,0.14402023,8.922469,8.999939,0
1613596932023,-0.10783895,8.086451,6.959209,0
1613596932072,-0.049422942,7.330872,6.7044773,0
1613596932121,1.0930411,5.846531,6.740867,0
1613596932166,0.90630126,5.5343404,4.3151665,0
1613596932215,-0.4363093,5.2547097,5.23067,0
1613596932269,0.11912162,6.428776,3.9847806,0
1613596932313,0.39587945,7.474518,6.1126556,0
1613596932365,1.2050849,8.06251,8.401416,0
1613596932413,1.6178275,8.499193,7.994417,0
1613596932463,0.24553001,8.609322,7.5424123,0
1613596932510,1.6858199,8.1937065,8.424398,0
1613596932559,1.0987868,7.652638,7.047312,0
1613596932608,0.9560985,6.505387,7.030074,0
1613596932654,1.4780121,6.1347804,5.543818,0
1613596932706,0.8450123,6.08211,4.840911,0
1613596932752,0.04634101,6.0667877,5.1119227,0
1613596932801,0.726265,6.9391975,6.3913283,0
1613596932849,1.0997446,7.6152906,7.2110686,0
1613596932899,0.6630609,8.321072,7.336519,0
1613596932948,0.19956332,9.128361,6.406651,0
1613596932997,0.6142212,8.536541,8.76436,0
1613596933044,-0.17870428,7.762767,6.599137,0
1613596933094,0.6237976,7.056987,6.5445514,0
1613596933143,1.3420272,5.903989,6.025511,0
1613596933192,0.44567668,5.813971,4.973065,0
1613596933239,-0.51962394,5.7296987,5.7133207,0
1613596933289,-0.08868616,6.790763,4.9989214,0
1613596933337,0.34703982,7.4783483,6.4995427,0
1613596933381,1.4397066,8.119967,7.194788,0
1613596933433,0.71381575,8.409174,7.2417135,0
1613596933479,0.798088,8.646669,7.0674224,0
1613596933531,2.2048604,8.191791,7.660201,0
1613596933580,1.374587,7.154667,7.2283063,0
1613596933630,0.88619083,6.35791,6.774385,0
1613596933680,1.2194494,6.2429934,6.8280125,0
1613596933727,0.9407763,6.318647,5.1732116,0
1613596933774,0.23403834,6.40675,5.1368213,0
1613596933825,0.4485496,6.986122,5.997739,0
1613596933870,0.6218823,7.646893,6.902708,0
1613596933921,0.40545583,8.327776,7.6678624,0
1613596933968,-0.26106128,9.053665,6.4401684,0
1613596934018,-0.35490993,8.027077,8.600604,0
1613596934066,-0.61538786,7.654554,6.8031135,0
1613596934116,1.1265584,7.055072,7.8718395,0
1613596934164,1.6666671,6.2611885,6.7303333,0
1613596934213,0.14785078,5.752682,4.6991796,0
1613596934262,-0.39130026,5.6760707,4.8753858,0
1613596934311,-0.13177994,6.83673,4.5545764,0
1613596934358,-0.42960584,7.5195265,6.101164,0
1613596934409,0.8335207,8.090281,7.483038,0
1613596934454,0.24361476,8.864054,7.4169607,0
1613596934505,1.1658217,8.928215,8.892684,0
1613596934553,2.6894262,8.144866,10.473746,0
1613596934601,1.714549,7.264795,5.4652915,0
1613596934650,1.0298369,5.6387234,6.6154165,0
1613596934700,1.3238323,5.885794,3.8985932,0
1613596934744,0.036764637,5.7737503,4.5842633,0
1613596934792,0.035806973,6.5475225,4.470304,0
1613596934845,0.7042393,7.6334863,6.1749024,0
1613596934893,0.71381575,8.145824,8.0423,0
1613596934942,0.269471,9.226998,7.330774,0
1613596934991,0.38821828,9.444383,8.171581,0
1613596935040,0.027188215,8.254037,8.11125,0
1613596935088,0.26276755,7.9016256,6.8950477,0
1613596935138,1.366926,6.1548905,6.970701,0
1613596935185,1.1782709,5.4902887,4.7135444,0
1613596935234,-0.7130671,5.0660543,4.265369,0
1613596935283,-0.74754214,6.0754066,4.477008,0
1613596935330,0.06166324,7.596138,5.54286,0
1613596935380,0.94747967,8.087408,7.385359,0
1613596935428,1.2539244,8.63039,7.727236,0
1613596935478,0.37193844,8.7462635,7.382486,0
1613596935523,1.714549,8.473337,8.969295,0
1613596935574,1.071973,7.7196736,7.504106,0
1613596935621,1.4291725,6.5647597,6.8136477,0
1613596935672,1.7289135,6.1137123,6.582857,0
1613596935717,0.94173396,6.061042,4.625442,0
1613596935767,0.39204887,6.0916862,4.7652564,0
1613596935816,0.8210714,6.9660115,5.4834867,0
1613596935865,1.3219168,7.5865617,7.308748,0
1613596935916,1.181144,8.154442,7.937917,0
1613596935964,0.2665981,9.103464,6.1327662,0
1613596936011,0.29245436,8.604533,8.895556,0
1613596936063,0.008035428,7.942804,7.0396514,0
1613596936108,0.7837234,7.026343,6.7016044,0
1613596936158,1.4990802,6.0007105,6.0159335,0
1613596936203,0.93790346,5.872387,5.360909,0
1613596936254,-0.19211122,5.754597,5.064998,0
1613596936306,0.2598946,6.806085,4.834207,0
1613596936352,0.48206696,7.5540023,6.265878,0
1613596936400,1.0652694,8.086451,7.130627,0
1613596936450,0.59506845,8.301919,7.8555593,0
1613596936497,0.6735949,8.684975,7.9340863,0
1613596936548,1.3027642,8.492489,7.571141,0
1613596936595,0.9924889,7.8250146,7.468673,0
1613596936645,1.2405175,6.66244,7.160313,0
1613596936693,0.636247,5.730656,4.4578547,0
1613596936742,-0.23807794,5.2671585,3.6160898,0
1613596936788,0.028145865,5.7354445,3.9100847,0
1613596936841,0.8574617,6.984206,5.7966347,0
1613596936888,1.2462633,8.157315,7.6056156,0
1613596936938,1.4071468,9.464493,8.182115,0
1613596936983,0.47727874,10.479591,8.209887,0
1613596937035,-0.12794939,9.131235,9.063144,0
1613596937082,-0.6632699,8.433117,5.893356,0
1613596937132,1.2481787,7.050284,7.5663533,0
1613596937179,1.8945854,5.4644322,5.55914,0
1613596937229,0.26564047,4.716516,3.9196615,0
1613596937277,-0.50908995,5.233641,4.02979,0
1613596937328,-0.36352873,6.754373,4.245259,0
1613596937374,-0.6067691,7.752234,6.2783275,0
1613596937423,0.869911,8.635178,7.286722,0
1613596937473,0.8277748,9.174328,8.702113,0
1613596937521,0.8067067,9.212635,7.483038,0
1613596937568,1.3075523,8.32969,7.984842,0
1613596937617,1.7289138,7.77809,7.261823,0
1613596937666,1.9635354,6.3454604,6.4516597,0
1613596937713,1.2520093,5.974854,4.6790695,0
1613596937764,0.12965564,5.5324254,3.9799924,0
1613596937813,0.27330157,6.239163,3.999145,0
1613596937858,0.40928638,7.2571335,5.947942,0
1613596937911,0.47344822,8.2492485,7.342265,0
1613596937957,0.57016975,9.061326,8.0423,0
1613596938008,-0.15572092,10.095577,6.8337584,0
1613596938054,0.44184613,8.90619,9.85607,0
1613596938104,0.36427733,8.302877,7.4035544,0
1613596938154,0.9398186,6.620304,7.045397,0
1613596938198,1.0039805,5.618613,5.807169,0
1613596938247,-0.44397044,5.265244,4.032663,0
1613596938299,-0.73988104,5.529552,4.817927,0
1613596938347,-0.028354872,6.90568,3.920619,0
1613596938396,-0.33479953,7.624867,5.9048476,0
1613596938443,0.26372516,8.185087,7.002303,0
1613596938491,0.808622,8.894698,8.926202,0
1613596938541,1.6628366,9.250939,7.8038473,0
1613596938590,1.8265929,8.696466,8.756699,0
1613596938638,1.199339,7.849913,6.1423426,0
1613596938685,0.95897144,6.1548905,6.514864,0
1613596938737,0.8919366,6.002626,5.5677586,0
1613596938786,-0.21222165,5.5736036,4.160986,0
1613596938835,-0.29457864,5.9394217,4.8160124,0
1613596938882,0.6506115,7.2427697,4.8246307,0
1613596938929,0.33075994,8.051018,7.188085,0
1613596938981,0.7664859,8.76829,7.411215,0
1613596939029,-0.375978,9.107294,7.8632207,0
1613596939078,-0.023566674,8.451311,8.851504,0
1613596939124,0.51845723,8.526007,6.3453617,0
1613596939171,1.539301,6.8932304,6.4191008,0
1613596939221,1.3707564,5.7249107,4.980726,0
1613596939270,-0.12794939,5.325575,5.917297,0
1613596939322,-0.36352873,5.8254623,4.3534718,0
1613596939369,-0.40183425,6.780229,5.3427134,0
1613596939417,0.53569484,7.711055,6.274497,0
1613596939466,1.4866309,8.357462,7.500275,0
1613596939510,0.7463755,9.023979,8.179243,0
1613596939561,1.6666671,8.564312,9.746898,0
1613596939611,0.80096096,7.744572,8.746165,0
1613596939660,2.3542523,7.0512414,7.8862042,0
1613596939706,2.1244187,5.642554,5.777482,0
1613596939759,0.32788703,5.3274903,4.1159773,0
1613596939804,0.39204887,5.492204,5.6022344,0
1613596939854,0.73871434,6.2506547,4.760469,0
1613596939904,0.34991273,6.9976134,7.508894,0
1613596939951,1.0336674,7.6555114,7.641048,0
1613596939999,-0.10496602,8.22435,7.860348,0
1613596940049,0.47919405,8.216689,9.718169,0
1613596940098,1.0173875,7.838421,7.881416,0
1613596940147,0.20243624,6.730432,7.5031486,0
1613596940196,0.44376138,5.5487046,6.714053,0
1613596940243,-0.25723073,5.3351507,5.7056594,0
1613596940290,-0.11454243,5.6933084,5.7679057,0
1613596940340,0.3106495,6.515921,4.7738757,0
1613596940388,-0.039846543,7.206379,6.0149765,0
1613596940438,0.8565041,8.045272,7.132542,0
1613596940487,1.2778655,8.222435,8.178285,0
1613596940536,1.3104253,8.899487,8.126572,0
1613596940586,1.693481,7.7407417,9.365757,0
1613596940634,1.2386023,7.416102,8.067199,0
1613596940682,1.8984158,6.416327,8.122742,0
1613596940731,0.81628317,5.8082256,5.69321,0
1613596940779,-0.19306888,5.4653897,5.436563,0
1613596940827,-0.066660434,5.3150406,4.302717,0
1613596948919,2.6482477,5.8465304,6.202674,1
1613596948957,4.1306734,3.6257648,5.732473,1
1613596949007,3.8644497,3.7100372,7.3135357,1
1613596949055,2.3303113,6.020821,9.301597,1
1613596949105,0.3843878,7.3749237,9.534303,1
1613596949153,-0.54835314,6.3655715,8.899386,1
1613596949202,-1.1095297,5.578392,5.2479076,1
1613596949251,-3.6961143,4.9042134,7.7961864,1
1613596949299,-2.2883842,6.5752935,6.510076,1
1613596949348,-2.9874609,5.706715,6.848123,1
1613596949396,-3.1990993,7.154667,7.25512,1
1613596949447,-4.6010833,10.170273,18.742004,1
1613596949496,-2.8878663,9.363941,8.746165,1
1613596949545,-0.5148358,5.0536056,8.024105,1
1613596949595,2.328396,2.1979244,1.7774218,1
1613596949640,2.2738106,1.0305618,3.8325162,1
1613596949689,2.7353926,1.436601,1.973738,1
1613596949741,0.96375966,2.8644414,9.302554,1
1613596949789,2.3140314,11.800176,11.474479,1
1613596949838,-0.68050736,11.887321,8.385135,1
1613596949884,1.8352116,9.805412,11.793373,1
1613596949936,1.7365746,8.347885,3.8497536,1
1613596949983,-0.49089476,4.411987,4.7221637,1
1613596950033,-1.1258097,1.9048868,2.7522988,1
1613596950080,-5.501265,2.0763042,2.7618752,1
1613596950132,-5.602774,16.900564,18.199982,1
1613596950181,-0.1193306,14.52083,9.291062,1
1613596950227,-0.6747615,6.303325,10.605902,1
1613596950273,5.9348664,2.6173706,1.9392629,1
1613596950324,4.4026427,0.32765448,2.1700542,1
1613596950374,1.2500939,0.017379269,1.7199633,1
1613596950423,3.8146524,-0.79374135,5.475826,1
1613596950471,2.6329255,8.360335,10.040893,1
1613596950520,0.21584319,14.182784,12.009799,1
1613596950568,2.4097953,10.225817,9.677949,1
1613596950614,2.0966473,9.229873,3.2895348,1
1613596950665,0.07219724,6.9918675,4.6666203,1
1613596950716,-4.11556,4.03755,3.324967,1
1613596950761,-5.383475,0.94628954,5.804296,1
1613596950811,-1.7300804,10.530347,15.882495,1
1613596950861,2.6051538,15.630734,12.0912,1
1613596950904,-1.935015,6.372275,13.471159,1
1613596950954,5.1400256,4.71077,5.8789916,1
1613596951006,3.792627,1.9163784,3.760693,1
1613596951055,1.7451934,0.21082248,1.0103526,1
1613596951103,3.497674,0.18113564,1.3187125,1
1613596951153,6.713427,5.56307,12.171641,1
1613596951200,4.4830847,10.679738,10.579087,1
1613596951249,1.75477,9.368729,13.210681,1
1613596951295,1.8026519,9.978745,8.574748,1
1613596951345,-2.020245,6.5283704,6.0034847,1
1613596951394,-4.071509,3.8919888,1.4154341,1
1613596951444,-5.761742,1.7621984,3.3671033,1
1613596951492,-5.7349286,5.1302166,8.692537,1
1613596951541,-0.05899933,16.280014,13.22696,1
1613596951589,-1.0223846,8.892783,10.075369,1
1613596951639,3.8711534,4.2941976,11.775179,1
1613596951683,4.701427,2.1577034,4.76813,1
1613596951737,2.4672537,0.61494637,6.900793,1
1613596951783,3.1356862,-0.05444366,0.7632815,1
1613596951833,5.723228,-0.45760995,8.771064,1
1613596951883,6.4960437,10.375208,10.885531,1
1613596951929,1.1351771,11.5990715,9.736365,1
1613596951981,-0.110711865,9.984491,10.715072,1
1613596952026,-0.16817023,7.7914968,6.9793196,1
1613596952075,-5.1478953,5.1206403,6.4899654,1
1613596952126,-6.7193823,2.039914,4.2174873,1
1613596952175,-3.088013,3.9446588,10.644206,1
1613596952221,3.851043,12.357521,18.426943,1
1613596952272,1.5747337,13.635971,5.501682,1
1613596952317,0.45525306,5.9221845,8.103589,1
1613596952367,4.24176,1.7918853,5.3676124,1
1613596952426,4.2446327,0.0030146912,5.1100073,1
1613596952461,3.2161279,-0.60604405,3.4015782,1
1613596952509,3.2879505,-0.40015155,4.218445,1
1613596952563,7.111805,8.286596,15.961978,1
1613596952606,1.024091,13.446358,4.1734357,1
1613596952657,-0.45833498,9.442467,8.6829605,1
1613596952703,2.084198,8.667737,6.512949,1
1613596952753,-0.009202057,6.533158,4.7959013,1
1613596952802,-5.16226,4.6360745,5.3944263,1
1613596952851,-5.6631055,2.83667,4.1399183,1
1613596952900,-2.1705942,9.68475,19.431505,1
1613596952952,3.5723698,17.728922,11.151755,1
1613596952998,-0.89406097,8.987589,5.700871,1
1613596953050,3.1950598,3.3595412,10.798386,1
1613596953098,5.079694,1.3274301,3.994357,1
1613596953147,3.2352808,-0.9967609,2.1872914,1
1613596953196,2.5093896,-0.983354,0.14656174,1
1613596953245,3.3367906,2.3118834,9.988223,1
1613596953292,4.786657,14.386761,7.194789,1
1613596953340,-0.89501864,11.373069,9.844577,1
1613596953387,2.608027,10.714213,11.905417,1
1613596953434,1.3152134,8.777866,3.4015782,1
1613596953486,-4.1548233,4.566167,5.11288,1
1613596953537,-5.5596805,3.7282321,1.6471827,1
1613596953581,-5.236956,4.0155244,8.092097,1
1613596953633,-1.3278714,16.465796,15.810672,1
1613596953682,-1.3901184,14.586906,5.7171507,1
1613596953729,2.9154289,6.1481867,14.473807,1
1613596953780,5.307612,1.7124013,5.505512,1
1613596953827,3.2113397,-0.7200031,5.0697865,1
1613596953876,2.4950254,-0.9412179,1.9555428,1
1613596953925,4.1756825,0.886916,4.9539123,1
1613596953974,5.0040402,8.361294,14.487214,1
1613596954022,-0.17678899,14.763112,-0.3600296,1
1613596954069,-1.3412786,9.159964,9.832129,1
1613596954119,1.9367216,8.865969,6.0494514,1
1613596954169,0.022399992,5.846531,3.0415058,1
1613596954218,-4.3626313,4.470403,4.6187377,1
1613596954263,-4.995631,3.964769,6.051367,1
1613596954315,-1.1689034,9.703903,19.332869,1
1613596954364,1.4052314,15.519648,11.570243,1
1613596954410,-0.083898,9.589944,4.7662144,1
1613596954463,4.5166025,4.2692986,7.9082294,1
1613596954508,4.2532516,0.47225803,3.817194,1
1613596954557,3.563751,-0.29768413,6.518695,1
1613596954606,2.966184,-0.13871595,0.560262,1
1613596954657,5.70599,0.84669507,9.866603,1
1613596954702,8.194896,11.749421,11.176653,1
1613596954752,0.8612923,12.9330635,7.273315,1
1613596954802,-0.47940314,9.417568,10.698792,1
1613596954848,2.708579,9.316059,7.358545,1
1613596954894,-1.7951996,5.948998,5.0075397,1
1613596954944,-4.058102,3.7665377,3.3010263,1
1613596954996,-5.0980988,2.7217531,4.6302295,1
1613596955044,-1.5165265,13.015421,20.928295,1
1613596955093,-2.1964507,14.946022,3.7741003,1
1613596955140,1.2251952,5.8972855,9.648261,1
1613596955187,5.0739484,1.1962336,5.4480543,1
1613596955239,4.496492,-0.78703785,4.8121815,1
1613596955286,4.0961986,-1.2045687,1.6931493,1
1613596955331,3.8567886,-1.7935169,2.0446033,1
1613596955383,10.07953,4.4953017,16.341202,1
1613596955432,5.0011673,14.265139,9.4385395,1
1613596955482,-1.2378535,9.699116,12.627478,1
1613596955529,2.5160933,8.588253,6.295565,1
1613596955580,-0.54069203,5.8551493,4.9385896,1
1613596955627,-3.130149,5.771835,5.1492705,1
1613596955671,-5.039682,6.1730857,5.590742,1
1613596955721,-2.7710342,7.7656407,16.369932,1
1613596955778,2.1033506,13.835159,20.255075,1
1613596955821,0.39779472,7.4850516,5.133949,1
1613596955870,3.1797376,1.6310017,4.3257003,1
1613596955918,4.03874,-0.85215735,3.869864,1
1613596955968,4.528094,-0.313964,9.0746355,1
1613596956016,5.001168,1.6951636,5.1080923,1
1613596956062,4.759843,1.0813168,9.779458,1
1613596956108,6.5046616,6.875036,13.360072,1
1613596956158,2.3810663,12.195681,4.0968246,1
1613596956208,0.962802,8.419708,12.815174,1
1613596956256,2.469169,8.850646,5.336968,1
1613596956303,-0.06953338,5.4778395,5.3676124,1
1613596956354,-3.3772202,4.3784695,4.3285737,1
1613596956402,-4.1088567,4.4512506,5.4873176,1
1613596956451,-2.4674625,7.9035406,14.034249,1
1613596956499,2.0995202,12.300064,16.962711,1
1613596956552,-1.0080202,9.514291,4.0920367,1
1613596956599,-0.35969812,3.4581778,8.139022,1
1613596956649,4.1536574,1.9786249,3.7913373,1
1613596956697,3.6221669,-0.7879956,8.499094,1
1613596956747,3.8701959,-0.25171742,4.230894,1
1613596956795,4.806767,-0.27182788,8.995151,1
1613596956843,3.8740265,8.094111,11.161332,1
1613596956891,2.8187075,14.71523,7.8689666,1
1613596956941,1.8706443,9.816904,8.846717,1
1613596956988,0.8134102,7.4534497,3.7051504,1
1613596957040,0.09230771,5.5467896,7.775118,1
1613596957087,-2.93096,5.039241,2.29742,1
1613596957135,-3.7832592,4.2463155,9.845535,1
1613596957183,-0.21413697,12.793248,14.522647,1
1613596957233,-0.6422018,14.327387,10.093563,1
1613596957283,0.8124526,7.726377,8.087309,1
1613596957331,3.8721108,2.8184745,6.3817525,1
1613596957380,4.565442,0.1466606,3.0798116,1
1613596957428,4.575976,-0.9574978,4.464558,1
1613596957473,4.6008744,-0.24309868,1.8272191,1
1613596957525,6.1915135,4.1122456,12.959777,1
1613596957572,4.572145,13.942415,4.7901554,1
1613596957621,1.7643464,10.878928,8.644655,1
1613596957669,2.4854488,9.443425,9.973859,1
1613596957720,1.3353238,7.9456763,3.574911,1
1613596957768,-2.9692657,5.188632,6.5244403,1
1613596957817,-4.7083387,5.0153,4.0939517,1
1613596957867,-2.405216,8.435988,16.48006,1
1613596957915,4.7291985,13.174389,17.118805,1
1613596957963,-1.7990302,10.184639,-2.1996553,1
1613596958013,0.4744058,2.725584,8.40333,1
1613596958061,3.9630868,0.54599625,4.5114827,1
1613596958110,5.0461764,-0.035290893,4.016383,1
1613596958154,3.8960514,0.46938515,2.850936,1
1613596958208,6.7124696,1.2709293,7.3604603,1
1613596958253,9.0471945,7.783835,13.386886,1
1613596958305,0.8574617,13.781531,2.1192992,1
1613596958352,1.106448,9.361068,14.137675,1
1613596958401,2.4595928,9.08048,6.0820117,1
1613596958450,0.35374328,6.458462,7.0291166,1
1613596958499,-3.0535378,5.890582,4.1552405,1
1613596958547,-3.9029644,5.2211924,5.3896384,1
1613596958593,-1.244557,10.299555,15.640212,1
1613596958644,4.504153,14.417404,13.856131,1
1613596958693,1.3381968,8.813298,2.0972733,1
1613596958740,1.2453058,2.2036703,9.123475,1
1613596958789,2.7411385,0.19166966,2.7561295,1
1613596958837,5.2836714,-0.18851322,4.228021,1
1613596958884,3.606845,0.37362117,2.4027603,1
1613596958934,6.0133924,2.7418635,10.473746,1
1613596958983,7.4948616,11.578004,9.93268,1
1613596959033,1.4665204,12.590229,4.897411,1
1613596959082,2.272853,8.979928,11.785712,1
1613596959131,2.804343,8.028992,3.0836422,1
1613596959180,1.6455991,5.716292,2.887326,1
1613596959224,-3.451916,4.0126514,3.68887,1
1613596959277,-4.8165526,4.522115,9.734449,1
1613596959324,0.2867085,14.630001,19.975445,1
1613596959374,-0.26776478,14.0822315,11.078017,1
1613596959421,-0.45163152,5.4357038,5.182788,1
1613596959471,5.279841,0.76912636,7.8929076,1
1613596959517,5.0222354,-0.11094441,1.5657835,1
1613596959568,5.4512587,-0.6682906,2.927547,1
1613596959617,4.7263255,-0.42026198,1.3800013,1
1613596959669,8.973456,4.8285604,11.394038,1
1613596959712,6.526687,15.459316,5.584039,1
1613596959760,1.0260062,12.222495,10.203692,1
1613596959806,-0.10592368,8.052933,6.643188,1
1613596959857,0.008035439,7.079013,2.4793718,1
1613596959906,-3.2354896,6.048593,5.4336896,1
1613596959957,-3.8167765,5.9346337,5.6405396,1
1613596960004,1.5881407,11.880617,20.746344,1
1613596960053,3.0494986,13.115972,13.074696,1
1613596960393,-0.07049094,7.79437,4.609162,1
1613596960401,4.962862,3.630553,10.921922,1
1613596960401,5.435936,1.3523288,3.5969372,1
1613596960401,5.440725,-0.24214102,1.8109391,1
1613596960401,3.4009523,-0.28619242,0.52387166,1
1613596960401,4.737817,0.37553644,4.449236,1
1613596960401,8.634453,11.503307,11.314554,1
1613596960443,2.6568663,12.979988,5.2881284,1
1613596960490,1.233814,8.726154,14.83771,1
1613596960537,2.1866655,8.886079,4.2864375,1
1613596960584,-0.23903558,6.281299,4.133215,1
1613596960637,-3.0018253,5.835997,3.2416527,1
1613596960683,-4.600126,4.3171806,6.008273,1
1613596960734,0.2436147,12.062569,19.703476,1
1613596960780,4.097156,14.575416,8.309482,1
1613596960832,0.39492178,8.15923,4.359218,1
1613596960879,4.354761,3.285803,9.975774,1
1613596960930,4.6104507,1.176123,2.400845,1
1613596960977,4.256124,-0.88950527,5.1751266,1
1613596961028,4.3030486,-0.26608202,1.0189712,1
1613596961074,7.433572,2.4019015,12.483832,1
1613596961122,5.737592,13.406137,5.939323,1
1613596961170,2.5103474,11.810711,8.8898115,1
1613596961220,0.5653816,8.636136,7.8182125,1
1613596961267,0.93119985,7.5846467,3.4465876,1
1613596961318,-2.6771855,6.1424413,6.0915875,1
1613596961368,-4.804103,5.4835854,5.0295653,1
1613596961418,-0.74754214,8.018457,15.509973,1
1613596961467,3.8452973,13.560317,17.573685,1
1613596961515,1.8840512,8.870757,6.4832625,1
1613596961564,2.0190785,3.6161883,8.8419285,1
1613596961611,5.055753,1.354244,4.8600636,1
1613596961659,5.38997,0.10452448,3.6036406,1
1613596961708,4.2159033,-0.06880827,1.7755065,1
1613596961757,6.111072,1.0382231,7.6851,1
1613596961808,6.789081,11.253364,10.053343,1
1613596961855,5.4905214,12.055866,7.5270896,1
1613596961901,1.7566851,8.493446,6.538806,1
1613596961950,1.9012887,8.185087,3.4485028,1
1613596961999,-0.365444,5.6234007,6.0781813,1
1613596962050,-4.380826,4.831433,4.251962,1
1613596962098,-2.3506308,5.6875625,11.09717,1
1613596962146,1.7557275,11.701538,18.30149,1
1613596962195,3.672922,12.275166,7.2675686,1
1613596962244,0.57687324,6.960265,3.2292032,1
1613596962292,3.9927735,2.0456598,8.951099,1
1613596962341,5.6983294,0.63888735,2.9150975,1
1613596962386,5.489564,-0.14541943,3.5021305,1
1613596962436,5.248239,0.07579529,2.871046,1
1613596962485,7.5791335,5.432831,12.569061,1
1613596962534,6.70002,13.353467,5.1751266,1
1613596962583,3.6547265,9.4003315,8.9194975,1
1613596962631,2.0832403,7.962913,8.928116,1
1613596962681,2.2939208,7.576985,2.7666636,1
1613596962731,-2.1045172,6.1568055,6.65085,1
1613596962778,-3.0679026,5.4175086,8.021232,1
1613596962828,-0.13944107,8.524091,14.807066,1
1613596962876,2.5821705,12.19185,10.544612,1
1613596962921,1.1141092,9.883939,3.5902333,1
1613596962976,2.8943608,4.3861303,6.924734,1
1613596963021,4.405516,1.1742078,3.96084,1
1613596963071,4.555866,-0.42792308,5.802381,1
1613596963119,3.9563832,0.9731035,1.9421357,1
1613596963167,5.7873898,3.447644,10.734225,1
1613596963217,7.1386194,10.920105,11.002362,1
1613596963264,2.354252,12.92636,0.3045723,1
1613596963311,0.5194149,7.0713525,9.492166,1
1613596963358,0.84405476,7.4390855,2.14324,1
1613596963410,0.7320109,6.3761053,8.727012,1
1613596963458,-2.9865031,5.388779,3.9062543,1
1613596963505,-3.17037,4.946349,9.264248,1
1613596963555,1.4473675,12.6189575,17.09678,1
1613596963604,3.6662188,14.097553,3.8832712,1
1613596963653,0.4370579,7.2274466,6.9477177,1
1613596963701,2.2613614,2.6374807,8.105505,1
1613596963750,5.131407,0.3219087,3.824855,1
1613596963798,4.7043,-0.8665219,2.8490202,1
1613596963847,3.6595147,-0.86556435,1.8846774,1
1613596963896,5.0049987,7.136471,10.354041,1
1613596963944,8.540603,16.09902,10.196988,1
1613596963994,3.2170858,11.733141,7.6132765,1
1613596964041,-0.152848,7.316507,5.5811653,1
1613596964089,1.5306823,5.680859,1.6309031,1
1613596964140,-1.0472833,4.292282,2.417125,1
1613596964187,-4.254418,3.4102957,5.0592523,1
1613596964236,-2.4272416,8.753925,11.166121,1
1613596964286,1.116982,16.34226,21.023102,1
1613596964331,0.31831062,12.185147,3.0060732,1
1613596964380,3.4028676,3.894862,13.671306,1
1613596964431,5.381351,1.8608353,4.28931,1
1613596964479,4.4821277,-0.9077004,2.7321882,1
1613596964528,4.0875797,-0.8176824,0.7278489,1
1613596964579,6.871438,2.2774084,8.720309,1
1613596964624,10.065165,13.867719,8.4981365,1
1613596964671,1.9616201,11.069497,6.9601665,1
1613596964721,0.34991273,8.648584,8.019317,1
1613596964770,1.1361349,7.3337445,3.8928475,1
1613596964819,-1.1966751,5.161818,5.2708907,1
1613596964868,-4.8835874,5.195336,3.7319639,1
1613596964916,-4.5292606,8.010796,12.412967,1
1613596964964,2.7449694,14.389633,19.170069,1
1613596965011,0.29724264,10.594509,3.5787416,1
1613596965060,-0.13944107,3.739724,8.665724,1
1613596965110,4.285811,1.3935072,3.4245615,1
1613596965159,4.693765,-0.18372501,3.3345442,1
1613596965208,3.967875,0.5479116,2.3864806,1
1613596965255,6.3504815,1.856047,6.945802,1
1613596965307,7.971766,8.676356,15.2772665,1
1613596965357,4.3739142,13.858144,3.1286511,1
1613596965406,1.8524492,8.044314,11.6947365,1
1613596965455,1.8907548,7.7656403,4.8495293,1
1613596965502,-0.6029386,5.2240653,6.7715125,1
1613596965550,-4.3492246,4.95018,3.8363466,1
1613596965597,-4.7686706,4.5087085,8.45217,1
1613596965648,-0.4564197,9.8695755,16.562418,1
1613596965698,1.7595582,13.740354,11.126857,1
1613596965747,0.10379939,9.138896,6.6259503,1
1613596965797,3.3511553,3.0042567,10.139531,1
1613596965837,5.3689013,1.1359023,2.063756,1
1613596965887,4.316456,-0.5859336,3.4427567,1
1613596965938,3.670049,-0.7314948,1.2277367,1
1613596965984,4.385406,1.5266192,9.326494,1
1613596966035,6.695232,14.349411,8.244361,1
1613596966083,4.358592,10.921063,12.857311,1
1613596966130,2.551526,9.823608,10.234337,1
1613596966179,1.1533724,7.8901334,3.643861,1
1613596966228,-3.225913,5.6272316,6.2400217,1
1613596966276,-5.349,4.2578073,3.803787,1
1613596966325,-1.4801363,6.249697,13.6827965,1
1613596966373,1.534513,13.639801,14.844413,1
1613596966423,-1.6582572,10.725705,3.660141,1
1613596966473,1.8897971,5.614782,8.635078,1
1613596966522,5.983706,2.5436323,3.7089806,1
1613596966572,5.102678,0.22422938,4.461685,1
1613596966620,4.7914443,0.5728102,3.669717,1
1613596966666,5.110339,2.0427868,7.64488,1
1613596966714,5.7624917,10.312962,11.867111,1
1613596966763,2.344676,13.063303,2.7714515,1
1613596966811,0.44184607,7.2035055,12.864973,1
1613596966861,0.8976825,7.1115723,2.369243,1
1613596966911,0.06357855,5.796734,3.9914846,1
1613596966961,-3.890515,5.7048,5.5246654,1
1613596967008,-2.426284,6.256401,9.120602,1
1613596967057,0.3499127,12.612255,15.21885,1
1613596967105,3.3817995,14.126282,5.9488997,1
1613596967153,1.5776066,8.2492485,7.5491157,1
1613596967204,5.521166,4.55276,9.048779,1
1613596967250,5.80367,1.6013151,2.9112668,1
1613596967299,4.936048,0.30658638,4.4770074,1
1613596967350,5.701202,1.1981488,4.777706,1
1613596967398,6.009562,7.3557706,11.704314,1
1613596967446,2.5630178,12.242606,0.027814476,1
1613596967495,-0.7331776,7.2896943,10.654741,1
1613596967544,2.3542523,8.177425,6.7456565,1
1613596967593,-0.49759817,5.6425533,3.2224996,1
1613596967642,-3.2058027,5.0497746,3.5835302,1
1613596967688,-4.2266464,4.853459,5.4116635,1
1613596967736,-1.9934312,9.811159,16.282787,1
1613596967786,3.9784088,15.29556,8.960676,1
1613596967837,0.1382744,9.797751,5.190449,1
1613596967888,4.941795,4.6332016,12.223354,1
1613596967932,4.7579274,1.5419413,3.6476917,1
1613596967982,3.521615,-0.7238336,5.4595456,1
1613596968034,3.9075437,-0.6443496,1.019929,1
1613596968077,4.649714,2.5532084,9.89629,1
1613596968126,8.232243,16.856512,10.071538,1
1613596968180,5.0049987,12.669713,6.54934,1
1613596968228,0.28287795,7.0253854,7.138287,1
1613596968272,0.08943479,5.9039893,0.81499416,1
1613596968324,-1.6151636,4.9339004,4.4980755,1
1613596968373,-4.451692,4.1811957,4.5478725,1
1613596968421,-1.6850711,6.213307,14.852075,1
1613596968471,4.8000636,13.705878,16.590187,1
1613596968516,-0.011117392,13.791109,1.5878092,1
1613596968564,0.14210492,6.024652,8.252023,1
1613596968612,3.3501973,2.107906,6.593391,1
1613596968677,4.3566766,-0.42313486,3.5902333,1
1613596968711,4.36338,-0.4260078,2.0551374,1
1613596968759,4.0310793,1.1540974,3.9263647,1
1613596968808,6.5908504,12.214834,14.350271,1
1613596968858,2.8445637,14.077443,4.366879,1
1613596968910,-0.7216858,8.225308,12.205158,1
1613596968953,1.422469,8.584423,2.6172717,1
1613596969002,-2.4310722,5.399313,5.5217924,1
1613596969052,-5.08948,4.0739403,4.6024585,1
1613596969100,-2.418623,4.631286,6.4095244,1
1613596969149,-0.52728504,11.146108,15.346217,1
1613596969196,-0.47557256,14.55339,7.297256,1
1613596969255,-0.77722895,9.409908,6.285989,1
1613596969297,4.7981486,4.9262395,11.351901,1
1613596969342,4.4380755,1.5649246,4.431041,1
1613596969391,4.2427173,-0.46622866,1.8377532,1
1613596969450,4.0464015,-0.098495096,1.6241994,1
1613596969488,6.119691,6.638499,12.541289,1
1613596969538,6.023927,15.518689,5.305366,1
1613596969589,0.55580515,10.259335,9.985351,1
1613596969639,1.5996324,9.248067,7.8000164,1
1613596969685,0.72818035,6.980376,2.7216544,1
1613596969736,-3.526612,4.7078977,4.8926234,1
1613596969780,-4.907528,3.2858028,3.20622,1
1613596969828,-3.0410886,7.4438734,11.264757,1
1613596969893,1.3506461,14.902928,15.038814,1
1613596969925,-0.7101942,12.319218,1.3426535,1
1613596969980,2.8349874,4.8860183,12.591087,1
1613596970028,4.331778,2.3482738,3.0443788,1
1613596970076,4.4917035,-0.6845705,4.730782,1
1613596970123,4.6142817,0.4013927,1.2430589,1
1613596970173,6.1579967,1.3504136,9.134009,1
1613596970221,7.1539416,12.248351,9.534302,1
1613596970272,2.7277317,13.295051,7.0463543,1
1613596970319,2.921175,8.643796,11.045458,1
1613596970368,1.6992269,6.9976134,1.3483993,1
1613596970416,-0.55314136,4.722262,5.772694,1
1613596970463,-3.4423397,5.062224,4.0996976,1
1613596970511,-1.6630454,6.730432,12.228143,1
1613596970563,1.9395944,12.237818,16.57774,1
1613596970612,1.9434249,12.769307,5.958476,1
1613596970661,1.2165765,7.6890287,7.575928,1
1613596970709,3.2994423,2.8826365,7.5251737,1
1613596970755,4.068427,-0.06593534,3.8602877,1
1613596970806,3.6068444,-0.6328579,2.388396,1
1613596970851,3.8203983,0.69251513,3.455206,1
1613596970902,5.376562,7.149878,9.543879,1
1613596970953,4.711961,13.558403,6.9994297,1
1613596971000,2.909683,10.15974,10.8797865,1
1613596971051,2.3820238,8.234884,6.4056935,1
1613596971098,-0.5943198,5.8388696,4.2059956,1
1613596971145,-0.68625325,4.948265,5.06021,1
1613596971194,-2.6398377,4.34974,4.193546,1
1613596971244,-1.9101164,9.103463,13.986369,1
1613596971290,3.3693502,12.675457,11.419894,1
1613596971340,0.9685479,8.499193,8.636994,1
1613596971388,2.1828346,3.486907,8.753826,1
1613596971437,2.7794442,1.649197,5.5888267,1
1613596971485,3.7457025,0.99034107,5.182788,1
1613596971535,4.7167487,0.7978555,4.06618,1
1613596971582,6.518069,3.1785471,11.624828,1
1613596971634,5.737592,10.275614,6.124147,1
1613596971681,2.187623,8.313412,10.343507,1
1613596971731,2.9843788,7.399822,6.380795,1
1613596971778,1.2893571,5.0210457,5.1157527,1
1613596971829,-1.031961,4.4818945,5.658735,1
1613596971874,-4.4066825,4.406241,6.078181,1
1613596971925,-3.6740885,5.5582814,10.994702,1
1613596971973,1.230941,12.731002,19.480345,1
1613596972022,0.7837235,12.499252,7.500275,1
1613596972071,-0.0015409524,6.2583156,9.061229,1
1613596972119,5.1658816,2.405732,7.881416,1
1613596972166,4.1076903,-0.17223334,3.3211365,1
1613596972218,4.3806176,-1.1844584,3.8219824,1
1613596972264,4.737817,0.45310527,2.8777497,1
1613596972315,7.0610504,7.360559,12.50107,1
1613596972362,4.6851463,11.923711,4.5727715,1
1613596972413,2.0420618,9.0603695,13.191527,1
1613596972457,2.5046015,10.758265,6.6202054,1
1613596972506,-0.6249643,7.546341,4.576602,1
1613596972555,-4.3425207,4.7739744,5.3455863,1
1613596972605,-4.3157067,2.9975533,3.2186692,1
1613596972655,-1.8133948,6.998571,11.90446,1
1613596972703,3.1845257,14.771732,12.191752,1
1613596972753,-3.0813093,11.410417,-0.3897163,1
1613596972800,2.7602913,5.625316,11.852748,1
1613596972847,4.0626807,2.7792118,3.1353548,1
1613596972898,2.26998,-0.27182788,5.5313687,1
1613596972946,3.2965696,1.1617585,2.0685441,1
1613596972994,5.44647,4.306647,9.103364,1
1613596973044,8.147014,12.8516655,8.3995,1
1613596973092,2.9728873,12.336453,10.728478,1
1613596973138,2.8723354,9.801582,6.7494855,1
1613596973190,-1.0501562,5.5372133,3.1190748,1
1613596973235,-2.4914036,3.6027815,7.65254,1
1613596973287,-1.1823103,4.052872,3.3192213,1
1613596973333,-4.4708443,3.5089328,7.1459494,1
1613596973384,-1.8153102,7.516654,8.074859,1
1613596973432,-0.65752405,10.089832,12.367957,1
1613596973478,2.9594805,9.323721,8.645613,1
1613596973529,6.2595057,5.621485,12.215693,1
1613596973579,5.592031,4.894637,5.390596,1
1613596973629,5.8122888,3.3988044,2.7791128,1
1613596973676,5.750999,3.1641827,2.1710117,1
1613596973726,5.339215,5.315041,3.170787,1
1613596973773,6.206836,8.796061,12.482875,1
1613596973821,5.7567453,9.876278,12.136209,1
1613596973871,0.8498005,8.09507,9.747856,1
1613596973919,-3.5036285,5.0756307,6.602967,1
1613596973964,-3.4997978,2.6508877,4.514356,1
1613596974017,-4.621194,2.3425276,2.018747,1
1613596974065,-4.03033,4.9492226,7.513683,1
1613596974116,1.7806262,10.070679,10.015995,1
1613596974159,2.8100889,9.947144,11.854663,1
1613596974206,5.6839647,8.075916,10.282218,1
1613596974256,6.806318,5.1235127,5.0094547,1